brand,model,base_color,processor,screen_size,ROM,RAM,display_size,num_rear_camera,num_front_camera,battery_capacity,ratings,num_of_ratings,sales_price,discount_percent,sales,city,lat,lon,payment_method,order_date,revenue,day_name
Apple,Model_D,Red,A14,Medium,128,6,5.6,4,2,4878,4.8,21134,32198,0.12,1,Hyderabad,17.385,78.4867,Debit Card,06-10-2024,32198,Sunday
Apple,Model_A,Blue,Dimensity 900,Large,256,6,6.7,1,2,3509,3.9,49716,51353,0.03,1,Kolkata,22.5726,88.3639,Credit Card,26-04-2024,51353,Friday
Vivo,Model_C,Red,Exynos,Medium,128,8,5.5,3,1,3903,4.5,12244,15665,0.12,5,Delhi,28.7041,77.1025,UPI,22-07-2024,78325,Monday
Apple,Model_E,Black,A14,Small,256,4,5,2,1,5285,3.6,26334,35632,0.15,4,Mumbai,19.076,72.8777,Cash,03-03-2024,142528,Sunday
Samsung,Model_C,Black,A14,Small,128,8,5.5,2,2,4554,4.6,12435,76132,0.16,5,Hyderabad,17.385,78.4867,Cash,06-05-2024,380660,Monday
Vivo,Model_B,Blue,Snapdragon 8,Medium,256,8,5.3,2,2,2138,4.2,26990,62408,0.01,2,Chennai,13.0827,80.2707,Debit Card,16-12-2024,124816,Monday
OnePlus,Model_E,White,A14,Small,64,8,5.1,4,2,5969,4.7,15910,67979,0.27,3,Mumbai,19.076,72.8777,Cash,02-04-2024,203937,Tuesday
Samsung,Model_A,Red,A14,Medium,128,8,5.3,1,1,2640,3.7,29567,49770,0.1,5,Bangalore,12.9716,77.5946,Credit Card,25-04-2024,248850,Thursday
Xiaomi,Model_B,Blue,Snapdragon 8,Small,256,8,6.7,4,2,4667,4.9,32796,46157,0.25,1,Chennai,13.0827,80.2707,Cash,07-03-2024,46157,Thursday
Vivo,Model_A,Blue,Exynos,Small,64,4,6.6,1,1,2471,4,24142,64898,0.07,5,Kolkata,22.5726,88.3639,Cash,02-07-2024,324490,Tuesday
Xiaomi,Model_C,White,Exynos,Large,256,8,6.4,1,2,2026,4.4,19691,24286,0.24,4,Hyderabad,17.385,78.4867,Debit Card,20-07-2024,97144,Saturday
OnePlus,Model_A,Blue,Exynos,Large,128,4,6,3,2,3648,4.5,23725,27170,0.05,3,Kolkata,22.5726,88.3639,UPI,25-12-2024,81510,Wednesday
Apple,Model_A,Black,A14,Large,256,4,5.4,1,1,4900,4.1,15821,59286,0.16,4,Hyderabad,17.385,78.4867,Cash,31-03-2024,237144,Sunday
Samsung,Model_A,White,Snapdragon 8,Small,256,8,5.6,3,1,3798,4.4,20282,57946,0.24,1,Chennai,13.0827,80.2707,UPI,07-07-2024,57946,Sunday
Samsung,Model_E,Blue,Dimensity 900,Small,256,6,6.2,2,1,4879,5,40387,50179,0.15,5,Delhi,28.7041,77.1025,Debit Card,18-02-2024,250895,Sunday
Xiaomi,Model_B,Red,Exynos,Medium,64,8,5.1,4,1,5241,4.8,45479,23427,0.22,1,Hyderabad,17.385,78.4867,UPI,06-08-2024,23427,Tuesday
Xiaomi,Model_D,Blue,Exynos,Medium,64,8,6.7,2,1,2977,5,48833,10457,0.28,1,Chennai,13.0827,80.2707,Credit Card,05-09-2024,10457,Thursday
OnePlus,Model_D,Red,Dimensity 900,Medium,256,8,5.9,1,1,4487,4.7,11595,29955,0.09,3,Bangalore,12.9716,77.5946,Cash,07-10-2024,89865,Monday
Xiaomi,Model_A,White,Exynos,Small,128,4,6.6,1,2,4627,3.8,38352,64257,0.25,5,Kolkata,22.5726,88.3639,Debit Card,11-04-2024,321285,Thursday
Apple,Model_C,Black,A14,Large,256,8,6.4,2,2,2699,4.7,41549,10398,0.04,3,Delhi,28.7041,77.1025,Cash,21-11-2024,31194,Thursday
Samsung,Model_E,Black,Dimensity 900,Large,64,6,5.1,3,1,4301,4.2,17050,68520,0.13,1,Mumbai,19.076,72.8777,Credit Card,01-04-2024,68520,Monday
Apple,Model_A,Red,Exynos,Large,128,4,5.3,3,2,2757,4.2,23352,18434,0.1,3,Mumbai,19.076,72.8777,UPI,08-06-2024,55302,Saturday
Apple,Model_E,Red,A14,Large,256,6,5.6,3,1,3415,4.1,32478,67579,0.19,1,Chennai,13.0827,80.2707,Cash,24-01-2024,67579,Wednesday
OnePlus,Model_C,Red,Snapdragon 8,Small,256,8,6.7,4,1,5866,4.4,5458,37490,0.04,3,Bangalore,12.9716,77.5946,Credit Card,06-10-2024,112470,Sunday
Xiaomi,Model_C,White,A14,Small,64,8,6.8,4,1,4064,4,13874,71004,0.1,2,Kolkata,22.5726,88.3639,Cash,05-05-2024,142008,Sunday
Xiaomi,Model_A,White,Dimensity 900,Medium,256,8,6.3,4,2,5442,4,30513,68262,0.1,2,Bangalore,12.9716,77.5946,UPI,12-01-2024,136524,Friday
Vivo,Model_E,White,Snapdragon 8,Small,256,4,6,1,2,5427,3.6,2547,58559,0.27,2,Chennai,13.0827,80.2707,Credit Card,09-08-2024,117118,Friday
Vivo,Model_B,White,Dimensity 900,Medium,256,8,5.9,2,2,2941,4.5,45869,49646,0.24,1,Kolkata,22.5726,88.3639,Cash,02-09-2024,49646,Monday
Vivo,Model_B,Red,Dimensity 900,Large,128,4,5.2,4,2,3804,3.7,8927,71209,0.12,2,Hyderabad,17.385,78.4867,Cash,10-02-2024,142418,Saturday
Samsung,Model_E,Black,Snapdragon 8,Large,128,4,5.4,2,1,3774,5,41230,45225,0.12,1,Chennai,13.0827,80.2707,Debit Card,17-06-2024,45225,Monday
Xiaomi,Model_C,Black,Dimensity 900,Medium,128,8,6,4,1,3658,4,44365,28502,0.12,1,Kolkata,22.5726,88.3639,Debit Card,30-11-2024,28502,Saturday
Samsung,Model_C,White,Snapdragon 8,Small,128,8,6,4,1,4110,3.7,13746,45342,0.08,4,Chennai,13.0827,80.2707,Cash,21-06-2024,181368,Friday
OnePlus,Model_C,Red,A14,Large,64,4,6.6,2,2,2069,4.1,38273,46288,0.14,3,Delhi,28.7041,77.1025,Debit Card,31-03-2024,138864,Sunday
Samsung,Model_D,Blue,A14,Large,256,4,5.1,3,1,2288,4.7,30030,27953,0.11,5,Mumbai,19.076,72.8777,Credit Card,13-05-2024,139765,Monday
Apple,Model_D,White,Snapdragon 8,Large,256,8,5.3,2,1,4212,4.1,13307,55514,0.06,1,Bangalore,12.9716,77.5946,Credit Card,12-05-2024,55514,Sunday
Samsung,Model_D,Black,Exynos,Medium,256,8,5.7,4,2,2615,4.4,18299,61229,0.11,3,Chennai,13.0827,80.2707,Credit Card,25-01-2024,183687,Thursday
Xiaomi,Model_C,Black,Dimensity 900,Medium,64,4,6.6,4,1,5739,4.6,44671,70768,0.03,4,Hyderabad,17.385,78.4867,UPI,23-06-2024,283072,Sunday
OnePlus,Model_E,Black,Dimensity 900,Large,256,8,5.7,1,2,3005,3.7,26772,49607,0.28,1,Chennai,13.0827,80.2707,Credit Card,21-07-2024,49607,Sunday
Samsung,Model_C,White,Exynos,Medium,64,6,6.2,2,2,5176,4.8,2097,66293,0.11,4,Kolkata,22.5726,88.3639,Cash,09-10-2024,265172,Wednesday
Vivo,Model_E,Red,A14,Medium,256,4,5,1,1,3936,5,46182,62037,0.27,1,Delhi,28.7041,77.1025,UPI,01-02-2024,62037,Thursday
Vivo,Model_A,Red,Exynos,Medium,128,6,6.1,1,2,4114,4.1,30150,20978,0.27,1,Bangalore,12.9716,77.5946,Credit Card,16-08-2024,20978,Friday
OnePlus,Model_B,Blue,Exynos,Large,256,8,6.7,4,2,3759,4.2,16447,48707,0.16,5,Kolkata,22.5726,88.3639,UPI,23-10-2024,243535,Wednesday
Apple,Model_B,Blue,Dimensity 900,Small,256,8,6.4,1,1,3345,4.9,22173,54788,0.27,2,Chennai,13.0827,80.2707,UPI,30-07-2024,109576,Tuesday
Xiaomi,Model_C,Black,Dimensity 900,Small,256,8,5.6,1,2,5640,4.4,7645,11903,0.19,2,Kolkata,22.5726,88.3639,Debit Card,15-01-2024,23806,Monday
Xiaomi,Model_D,White,Dimensity 900,Medium,64,6,6.6,1,2,5254,3.5,33976,39488,0.07,5,Bangalore,12.9716,77.5946,Credit Card,02-04-2024,197440,Tuesday
Apple,Model_D,White,Dimensity 900,Large,128,8,5.9,1,1,2490,4.4,7846,77560,0.18,1,Bangalore,12.9716,77.5946,Debit Card,16-08-2024,77560,Friday
Vivo,Model_C,White,Exynos,Small,128,6,6.6,4,1,3842,4.5,45380,12055,0.27,5,Chennai,13.0827,80.2707,Debit Card,06-06-2024,60275,Thursday
Samsung,Model_B,Blue,Exynos,Large,256,6,6.5,4,1,4804,4.3,15651,28632,0.06,3,Bangalore,12.9716,77.5946,Debit Card,08-07-2024,85896,Monday
OnePlus,Model_E,White,A14,Large,128,8,6.5,4,2,2582,4.1,49768,71180,0.09,3,Chennai,13.0827,80.2707,Cash,04-09-2024,213540,Wednesday
Apple,Model_A,Red,Snapdragon 8,Medium,64,6,6.5,2,1,4275,3.6,34872,10964,0.17,2,Hyderabad,17.385,78.4867,UPI,19-05-2024,21928,Sunday
Apple,Model_D,Black,Dimensity 900,Small,64,6,6.3,4,2,5113,3.6,27390,42021,0.03,3,Mumbai,19.076,72.8777,Cash,12-01-2024,126063,Friday
Samsung,Model_C,Blue,Dimensity 900,Medium,256,8,6.1,4,1,5911,4.9,30306,74780,0.02,4,Mumbai,19.076,72.8777,UPI,09-02-2024,299120,Friday
Samsung,Model_D,White,A14,Large,64,8,6.6,1,1,3421,4.3,21985,21662,0.01,5,Bangalore,12.9716,77.5946,Debit Card,24-08-2024,108310,Saturday
Samsung,Model_E,Red,Dimensity 900,Small,64,6,6.5,2,2,2472,4.1,4729,13358,0.04,1,Delhi,28.7041,77.1025,Cash,06-02-2024,13358,Tuesday
Xiaomi,Model_A,Blue,A14,Large,128,4,6.4,4,2,5936,4.9,15419,32498,0.18,2,Bangalore,12.9716,77.5946,Debit Card,17-06-2024,64996,Monday
Vivo,Model_E,Blue,Exynos,Small,256,8,5.2,1,1,5925,3.9,9628,30327,0.27,1,Bangalore,12.9716,77.5946,Debit Card,02-05-2024,30327,Thursday
Samsung,Model_C,White,A14,Large,256,8,6.4,1,2,2192,4.7,47422,56731,0.13,5,Mumbai,19.076,72.8777,Cash,13-08-2024,283655,Tuesday
Vivo,Model_E,Black,Exynos,Large,64,6,6.2,4,2,5122,4.1,17858,20311,0.22,5,Hyderabad,17.385,78.4867,Cash,06-03-2024,101555,Wednesday
Apple,Model_B,Blue,A14,Medium,128,8,5,1,2,5069,4.5,3477,44948,0.08,5,Hyderabad,17.385,78.4867,UPI,27-11-2024,224740,Wednesday
Vivo,Model_B,Blue,A14,Small,256,8,6,3,1,4702,4.8,10261,43656,0.15,5,Mumbai,19.076,72.8777,UPI,07-02-2024,218280,Wednesday
Vivo,Model_A,Black,Snapdragon 8,Medium,256,8,5.8,2,1,2178,3.7,20313,49405,0.17,3,Hyderabad,17.385,78.4867,UPI,20-02-2024,148215,Tuesday
Vivo,Model_C,Black,Snapdragon 8,Large,128,6,6.8,2,2,4103,4.6,42163,25915,0.27,5,Mumbai,19.076,72.8777,Credit Card,04-08-2024,129575,Sunday
OnePlus,Model_B,Red,Dimensity 900,Large,64,8,5.4,1,2,3019,4.3,21495,68972,0.15,4,Bangalore,12.9716,77.5946,Cash,01-04-2024,275888,Monday
Samsung,Model_B,Black,Dimensity 900,Medium,128,4,5.3,4,2,4207,3.8,19865,36370,0.22,5,Kolkata,22.5726,88.3639,Cash,09-01-2024,181850,Tuesday
Xiaomi,Model_B,White,Snapdragon 8,Small,256,4,5.1,2,2,4808,3.8,46109,68629,0.24,4,Chennai,13.0827,80.2707,UPI,25-12-2024,274516,Wednesday
OnePlus,Model_E,Blue,Exynos,Small,128,4,5.8,2,2,2642,4.2,32993,53463,0.13,1,Delhi,28.7041,77.1025,Debit Card,20-06-2024,53463,Thursday
Xiaomi,Model_D,White,Snapdragon 8,Small,64,4,5.2,1,1,5013,3.6,37334,23099,0.22,3,Mumbai,19.076,72.8777,UPI,06-08-2024,69297,Tuesday
Samsung,Model_C,Black,Exynos,Small,64,4,6.4,2,2,3001,4.6,17436,49467,0.29,4,Hyderabad,17.385,78.4867,Credit Card,28-02-2024,197868,Wednesday
OnePlus,Model_B,Blue,Exynos,Medium,64,6,6.1,4,1,2869,3.5,35739,26969,0.09,4,Chennai,13.0827,80.2707,Credit Card,21-12-2024,107876,Saturday
Apple,Model_A,White,Snapdragon 8,Large,64,6,5.8,1,1,2660,4.2,34222,44007,0.15,4,Delhi,28.7041,77.1025,UPI,29-03-2024,176028,Friday
OnePlus,Model_E,Black,Snapdragon 8,Large,64,4,6.5,3,2,5740,4.4,31634,60027,0.23,4,Kolkata,22.5726,88.3639,Debit Card,16-03-2024,240108,Saturday
Samsung,Model_A,White,Snapdragon 8,Large,64,8,5.5,4,2,4881,4.3,48996,57150,0.01,2,Chennai,13.0827,80.2707,UPI,29-12-2024,114300,Sunday
Xiaomi,Model_D,Blue,Snapdragon 8,Large,64,8,6.4,4,2,4243,3.9,643,50705,0.04,4,Delhi,28.7041,77.1025,UPI,02-03-2024,202820,Saturday
Xiaomi,Model_C,Red,Snapdragon 8,Small,256,6,6.5,1,1,5772,4.7,21525,10120,0.17,1,Bangalore,12.9716,77.5946,Credit Card,09-02-2024,10120,Friday
OnePlus,Model_E,Blue,Snapdragon 8,Small,128,6,6.6,4,2,2734,4.5,43101,72761,0.2,4,Delhi,28.7041,77.1025,Credit Card,02-04-2024,291044,Tuesday
Apple,Model_B,Blue,Snapdragon 8,Large,128,6,5.3,3,2,4638,4.6,34262,38533,0.03,3,Bangalore,12.9716,77.5946,Cash,02-04-2024,115599,Tuesday
Xiaomi,Model_A,White,Dimensity 900,Large,64,8,6,1,1,5603,4.1,48891,71561,0.08,2,Chennai,13.0827,80.2707,Debit Card,22-10-2024,143122,Tuesday
Vivo,Model_A,White,Exynos,Medium,64,6,5.4,3,1,3870,4.9,45645,46921,0.03,3,Chennai,13.0827,80.2707,Credit Card,18-10-2024,140763,Friday
Xiaomi,Model_C,Blue,Exynos,Large,256,6,5.7,2,2,5872,4.6,45516,48617,0.22,3,Delhi,28.7041,77.1025,Debit Card,01-07-2024,145851,Monday
Vivo,Model_B,Blue,Snapdragon 8,Medium,64,4,5.1,3,1,3038,3.7,40726,30859,0.2,2,Mumbai,19.076,72.8777,Cash,31-03-2024,61718,Sunday
OnePlus,Model_C,Black,Snapdragon 8,Large,128,4,5.2,1,1,2363,3.6,43524,30902,0.25,2,Mumbai,19.076,72.8777,Cash,08-10-2024,61804,Tuesday
Xiaomi,Model_E,White,Exynos,Medium,64,6,6.6,3,1,4569,4.5,9623,32532,0.25,3,Bangalore,12.9716,77.5946,UPI,26-02-2024,97596,Monday
OnePlus,Model_D,White,Snapdragon 8,Large,256,8,6,2,1,2199,3.7,32987,63239,0.16,2,Bangalore,12.9716,77.5946,Debit Card,12-02-2024,126478,Monday
Samsung,Model_E,White,A14,Small,256,8,5.1,1,1,2140,4.9,23210,31065,0.22,4,Hyderabad,17.385,78.4867,Cash,06-09-2024,124260,Friday
Samsung,Model_E,White,Snapdragon 8,Large,256,6,6.2,1,1,3399,4.9,43443,40848,0.02,3,Mumbai,19.076,72.8777,Cash,10-10-2024,122544,Thursday
Xiaomi,Model_D,Red,A14,Large,64,6,5.6,1,1,5514,4.8,24558,42637,0.15,3,Bangalore,12.9716,77.5946,Credit Card,20-03-2024,127911,Wednesday
Samsung,Model_B,Red,Snapdragon 8,Medium,256,8,6.5,1,1,3781,4.1,36442,18287,0.14,4,Chennai,13.0827,80.2707,Credit Card,14-02-2024,73148,Wednesday
Xiaomi,Model_E,Red,A14,Large,256,8,5.8,2,2,3367,3.9,19693,43446,0.2,3,Mumbai,19.076,72.8777,Cash,06-10-2024,130338,Sunday
OnePlus,Model_B,White,Exynos,Large,128,4,5.6,1,1,4571,3.7,43810,45272,0.19,1,Kolkata,22.5726,88.3639,Cash,15-08-2024,45272,Thursday
Xiaomi,Model_D,Blue,Exynos,Large,64,4,5.4,2,2,3052,3.5,19181,54975,0.24,4,Kolkata,22.5726,88.3639,Credit Card,06-02-2024,219900,Tuesday
Vivo,Model_E,White,Snapdragon 8,Medium,128,8,6.5,3,2,4402,4.5,9770,31133,0.07,4,Kolkata,22.5726,88.3639,UPI,30-04-2024,124532,Tuesday
Samsung,Model_E,Black,Snapdragon 8,Large,64,6,5.8,2,2,2382,5,43960,62948,0.29,4,Hyderabad,17.385,78.4867,Debit Card,26-01-2024,251792,Friday
Vivo,Model_C,White,Snapdragon 8,Small,128,4,5.7,4,1,2747,4.2,18026,46424,0.28,4,Chennai,13.0827,80.2707,UPI,30-03-2024,185696,Saturday
Apple,Model_A,Black,A14,Medium,64,4,6.5,4,2,3616,4.9,21914,29769,0.07,2,Delhi,28.7041,77.1025,Credit Card,22-11-2024,59538,Friday
Samsung,Model_A,Black,Snapdragon 8,Small,64,8,6.6,4,2,3101,4.2,1168,18938,0.12,2,Chennai,13.0827,80.2707,Cash,07-08-2024,37876,Wednesday
Vivo,Model_A,White,Exynos,Medium,256,6,5.6,3,1,4760,4.6,45897,12981,0.03,3,Delhi,28.7041,77.1025,UPI,15-03-2024,38943,Friday
Samsung,Model_D,Black,Dimensity 900,Small,256,4,5.8,2,2,5993,4.5,20287,10068,0.06,5,Mumbai,19.076,72.8777,Debit Card,22-01-2024,50340,Monday
Vivo,Model_B,White,A14,Small,128,4,5.1,4,2,2222,3.9,32132,74637,0.23,3,Mumbai,19.076,72.8777,Credit Card,09-04-2024,223911,Tuesday
Apple,Model_D,Red,Snapdragon 8,Medium,128,6,6.6,1,1,2196,4.1,23448,36680,0.13,5,Delhi,28.7041,77.1025,Credit Card,30-04-2024,183400,Tuesday
Samsung,Model_E,Black,Snapdragon 8,Large,64,6,5.9,1,1,3041,4.2,10453,18575,0.13,1,Hyderabad,17.385,78.4867,Credit Card,04-08-2024,18575,Sunday
OnePlus,Model_C,Blue,Dimensity 900,Small,128,6,5.9,2,2,3633,5,48065,16427,0.18,4,Kolkata,22.5726,88.3639,Cash,21-12-2024,65708,Saturday
Samsung,Model_D,Black,Exynos,Medium,64,6,6.6,2,1,5216,4.9,41261,24252,0.05,5,Delhi,28.7041,77.1025,Cash,21-03-2024,121260,Thursday
Samsung,Model_D,White,Dimensity 900,Large,64,8,5.9,1,1,3584,4.7,43355,25787,0.26,2,Kolkata,22.5726,88.3639,Cash,07-06-2024,51574,Friday
Samsung,Model_C,White,Exynos,Medium,128,4,5.1,1,2,4829,4.4,41115,46722,0.27,2,Hyderabad,17.385,78.4867,Credit Card,27-04-2024,93444,Saturday
Xiaomi,Model_D,Blue,Exynos,Large,64,8,6,3,1,2924,4.7,12274,36888,0.05,1,Hyderabad,17.385,78.4867,Debit Card,16-03-2024,36888,Saturday
Apple,Model_B,White,A14,Large,64,4,6.7,4,1,4931,4.8,37473,61191,0.09,2,Kolkata,22.5726,88.3639,Debit Card,15-02-2024,122382,Thursday
Apple,Model_A,Black,Snapdragon 8,Small,256,8,5.6,2,2,3004,4,31628,33996,0.14,1,Hyderabad,17.385,78.4867,UPI,12-04-2024,33996,Friday
Vivo,Model_B,Black,Snapdragon 8,Large,256,8,6.2,1,1,4694,3.8,3890,16396,0.19,4,Delhi,28.7041,77.1025,Debit Card,28-07-2024,65584,Sunday
Apple,Model_D,Red,Exynos,Medium,128,6,6.7,3,1,3597,5,21923,29504,0.17,5,Chennai,13.0827,80.2707,UPI,27-08-2024,147520,Tuesday
Apple,Model_C,Blue,Exynos,Large,64,8,5.2,2,2,3464,4,18341,59127,0.26,2,Kolkata,22.5726,88.3639,Cash,09-07-2024,118254,Tuesday
OnePlus,Model_E,Black,Snapdragon 8,Medium,64,6,5.9,4,2,4815,4.3,41738,43720,0.13,3,Mumbai,19.076,72.8777,Debit Card,09-08-2024,131160,Friday
Xiaomi,Model_C,Black,Snapdragon 8,Large,128,4,6.6,3,1,5325,3.6,41671,54628,0.19,2,Delhi,28.7041,77.1025,UPI,23-07-2024,109256,Tuesday
Vivo,Model_C,Blue,A14,Large,256,6,5.2,2,1,2166,4.7,26265,37208,0.23,1,Delhi,28.7041,77.1025,Cash,17-12-2024,37208,Tuesday
Xiaomi,Model_D,White,Snapdragon 8,Small,256,8,5.5,3,1,3890,4.9,21173,62928,0.26,4,Bangalore,12.9716,77.5946,Debit Card,11-09-2024,251712,Wednesday
Samsung,Model_C,Black,Snapdragon 8,Medium,64,4,5.5,2,2,4565,4.7,40575,10114,0.16,2,Kolkata,22.5726,88.3639,Debit Card,12-01-2024,20228,Friday
OnePlus,Model_C,Black,Exynos,Medium,256,8,5.2,3,1,5329,4.9,2044,38607,0.09,3,Delhi,28.7041,77.1025,UPI,29-10-2024,115821,Tuesday
Vivo,Model_B,Black,Exynos,Large,64,6,6.5,3,1,5047,3.8,30308,44233,0.24,1,Chennai,13.0827,80.2707,Debit Card,23-04-2024,44233,Tuesday
Apple,Model_D,Black,Snapdragon 8,Small,64,8,5.3,4,1,4911,3.9,74,73632,0.26,3,Delhi,28.7041,77.1025,UPI,17-10-2024,220896,Thursday
Xiaomi,Model_E,Black,Dimensity 900,Medium,256,8,5.9,1,1,5741,4.8,29390,24993,0.26,3,Kolkata,22.5726,88.3639,Cash,29-10-2024,74979,Tuesday
Samsung,Model_A,Black,Snapdragon 8,Medium,64,8,5,3,2,3232,4,45388,30399,0.27,4,Delhi,28.7041,77.1025,Cash,29-02-2024,121596,Thursday
Samsung,Model_D,Red,Exynos,Medium,64,6,5.6,3,1,2875,3.7,5398,64031,0.06,4,Chennai,13.0827,80.2707,Cash,18-07-2024,256124,Thursday
Vivo,Model_A,Blue,Snapdragon 8,Medium,256,6,6.3,1,1,5465,4,32973,61400,0.15,2,Mumbai,19.076,72.8777,UPI,18-12-2024,122800,Wednesday
Apple,Model_E,Red,Exynos,Large,64,8,6.4,4,1,3386,4.5,44555,59834,0.13,5,Chennai,13.0827,80.2707,Debit Card,20-10-2024,299170,Sunday
OnePlus,Model_C,White,A14,Medium,256,4,6.5,4,1,3090,4.2,46808,49425,0.1,5,Kolkata,22.5726,88.3639,Cash,04-04-2024,247125,Thursday
OnePlus,Model_D,Black,Exynos,Small,64,4,5.4,1,2,4467,4,41021,44979,0.17,1,Kolkata,22.5726,88.3639,Cash,16-02-2024,44979,Friday
Apple,Model_E,Blue,Dimensity 900,Large,256,6,5.7,4,2,5897,4.7,8356,38979,0.1,5,Hyderabad,17.385,78.4867,UPI,09-07-2024,194895,Tuesday
Xiaomi,Model_C,Blue,A14,Small,256,4,6,1,1,2327,4.4,27961,18112,0.24,4,Delhi,28.7041,77.1025,Debit Card,08-11-2024,72448,Friday
Xiaomi,Model_C,White,Dimensity 900,Small,64,8,6.4,2,2,4381,4.2,26909,36081,0.18,4,Mumbai,19.076,72.8777,UPI,17-10-2024,144324,Thursday
Apple,Model_A,Black,Snapdragon 8,Small,128,4,6.7,1,2,5635,4.3,7320,43803,0.16,3,Kolkata,22.5726,88.3639,Debit Card,10-05-2024,131409,Friday
Samsung,Model_B,Blue,Dimensity 900,Large,128,8,5.7,3,1,3866,4.7,42831,11469,0.08,4,Kolkata,22.5726,88.3639,Cash,23-01-2024,45876,Tuesday
OnePlus,Model_E,Blue,Snapdragon 8,Large,128,8,6.4,4,1,5401,3.9,4769,25786,0.26,3,Hyderabad,17.385,78.4867,Cash,23-05-2024,77358,Thursday
OnePlus,Model_B,Red,A14,Large,64,8,6,2,2,2589,4.4,5348,26524,0.22,3,Mumbai,19.076,72.8777,Credit Card,07-10-2024,79572,Monday
Xiaomi,Model_B,Black,A14,Small,64,4,6.1,3,1,5743,4.7,8281,57164,0.27,2,Bangalore,12.9716,77.5946,Credit Card,17-06-2024,114328,Monday
OnePlus,Model_B,White,Dimensity 900,Medium,128,4,5.3,3,1,3784,3.7,47030,40408,0.19,2,Delhi,28.7041,77.1025,Credit Card,13-12-2024,80816,Friday
Vivo,Model_B,White,Exynos,Large,256,6,5,3,1,3438,3.9,47534,63183,0.03,3,Delhi,28.7041,77.1025,Cash,12-05-2024,189549,Sunday
Xiaomi,Model_B,White,Dimensity 900,Small,128,8,5.3,2,2,5467,3.9,42579,12504,0.23,3,Chennai,13.0827,80.2707,Credit Card,02-11-2024,37512,Saturday
Apple,Model_E,White,A14,Medium,64,4,6.3,1,1,4178,4.1,20664,13253,0.29,2,Hyderabad,17.385,78.4867,Debit Card,02-12-2024,26506,Monday
Samsung,Model_B,Black,Exynos,Small,128,6,5.6,1,2,5838,3.8,6910,44789,0.07,4,Bangalore,12.9716,77.5946,UPI,14-04-2024,179156,Sunday
Vivo,Model_A,Red,A14,Large,256,4,6.8,1,1,2985,4.6,38394,11298,0.24,5,Delhi,28.7041,77.1025,UPI,28-12-2024,56490,Saturday
Xiaomi,Model_E,Blue,Exynos,Medium,128,4,5,4,1,2432,4,1910,47667,0.01,4,Chennai,13.0827,80.2707,Cash,10-12-2024,190668,Tuesday
Xiaomi,Model_C,Blue,Dimensity 900,Medium,128,8,6.3,4,2,3359,4.1,35376,79628,0.22,3,Kolkata,22.5726,88.3639,Credit Card,23-05-2024,238884,Thursday
Samsung,Model_B,Red,Snapdragon 8,Large,256,6,5.7,3,2,4952,4.5,8119,58566,0.25,4,Chennai,13.0827,80.2707,Credit Card,02-03-2024,234264,Saturday
OnePlus,Model_D,White,Exynos,Large,256,6,6.3,3,2,2530,4.3,40280,59791,0.16,1,Kolkata,22.5726,88.3639,UPI,22-06-2024,59791,Saturday
Samsung,Model_C,Red,A14,Large,256,6,6.1,4,2,3143,3.9,8441,72604,0.12,3,Mumbai,19.076,72.8777,Credit Card,15-05-2024,217812,Wednesday
Apple,Model_D,Black,A14,Small,128,6,5.3,4,2,3029,4.2,33146,74979,0.07,5,Delhi,28.7041,77.1025,Credit Card,07-04-2024,374895,Sunday
Apple,Model_E,Black,Snapdragon 8,Medium,64,4,5.4,2,2,5569,4.8,1451,76244,0.27,3,Hyderabad,17.385,78.4867,Cash,05-06-2024,228732,Wednesday
Vivo,Model_C,White,Exynos,Small,128,4,6.3,3,1,3701,4.7,11690,45902,0.21,5,Delhi,28.7041,77.1025,Debit Card,23-08-2024,229510,Friday
Vivo,Model_E,White,Snapdragon 8,Small,128,4,5.3,4,2,3160,4.3,48486,61673,0.1,2,Chennai,13.0827,80.2707,Credit Card,11-11-2024,123346,Monday
Samsung,Model_E,Blue,Snapdragon 8,Large,256,6,6.6,1,1,5008,5,995,52526,0.21,1,Hyderabad,17.385,78.4867,Credit Card,23-01-2024,52526,Tuesday
Samsung,Model_A,Black,Dimensity 900,Small,64,4,6,1,1,3357,4.1,35736,40371,0.12,5,Kolkata,22.5726,88.3639,Debit Card,30-11-2024,201855,Saturday
OnePlus,Model_C,Black,Snapdragon 8,Large,128,6,5,3,1,4879,4.2,44512,39489,0.13,2,Delhi,28.7041,77.1025,UPI,04-12-2024,78978,Wednesday
OnePlus,Model_E,White,Snapdragon 8,Medium,64,8,5,4,2,5532,3.8,13943,48721,0.2,4,Bangalore,12.9716,77.5946,Cash,25-03-2024,194884,Monday
Xiaomi,Model_D,Blue,Exynos,Medium,64,4,5.1,2,1,2108,4.9,17219,13688,0.19,5,Kolkata,22.5726,88.3639,Debit Card,15-10-2024,68440,Tuesday
Xiaomi,Model_A,White,A14,Small,256,4,5.2,3,1,3924,4.8,1837,37957,0.08,5,Bangalore,12.9716,77.5946,Credit Card,16-04-2024,189785,Tuesday
Vivo,Model_B,White,Exynos,Small,128,8,6.5,1,2,3595,4.8,46433,47218,0.06,1,Kolkata,22.5726,88.3639,UPI,03-05-2024,47218,Friday
Samsung,Model_C,Black,A14,Medium,256,6,5.2,4,2,5802,3.9,7733,78648,0.21,4,Hyderabad,17.385,78.4867,Credit Card,12-11-2024,314592,Tuesday
Samsung,Model_C,Blue,Dimensity 900,Large,256,4,6.7,1,2,5043,4.6,32830,10543,0.01,2,Delhi,28.7041,77.1025,UPI,26-03-2024,21086,Tuesday
Vivo,Model_B,Red,Exynos,Small,256,4,5.8,3,1,2603,4.8,14637,12617,0.08,2,Bangalore,12.9716,77.5946,Credit Card,07-05-2024,25234,Tuesday
Vivo,Model_E,White,Dimensity 900,Large,128,8,6.4,4,2,3556,4.3,48193,17787,0.22,2,Hyderabad,17.385,78.4867,Debit Card,06-02-2024,35574,Tuesday
Vivo,Model_A,White,Snapdragon 8,Small,64,4,5.1,4,1,4820,3.6,42087,64705,0.02,4,Hyderabad,17.385,78.4867,UPI,25-12-2024,258820,Wednesday
Apple,Model_D,Blue,Exynos,Medium,128,8,5.9,2,2,5434,3.8,1539,23564,0.24,1,Delhi,28.7041,77.1025,Cash,08-03-2024,23564,Friday
Vivo,Model_C,White,Snapdragon 8,Large,128,6,5.2,2,1,4445,3.9,7391,50007,0.11,1,Bangalore,12.9716,77.5946,Cash,01-09-2024,50007,Sunday
OnePlus,Model_D,Red,Snapdragon 8,Small,256,6,5.6,1,2,2926,4.8,14521,55029,0.17,2,Hyderabad,17.385,78.4867,Debit Card,08-07-2024,110058,Monday
Xiaomi,Model_D,Red,Dimensity 900,Medium,256,4,5.2,2,1,2045,4.4,32176,40668,0.24,4,Kolkata,22.5726,88.3639,UPI,08-12-2024,162672,Sunday
Vivo,Model_E,Blue,A14,Large,128,6,5.1,1,2,2945,4.1,19487,42501,0.19,2,Chennai,13.0827,80.2707,UPI,26-11-2024,85002,Tuesday
Apple,Model_D,Blue,Dimensity 900,Medium,64,4,6.8,2,1,5344,4,35371,28140,0.07,2,Kolkata,22.5726,88.3639,UPI,30-07-2024,56280,Tuesday
Samsung,Model_D,Black,Snapdragon 8,Large,256,6,5.5,4,2,5980,4.7,6360,35703,0.24,3,Chennai,13.0827,80.2707,Debit Card,23-04-2024,107109,Tuesday
Samsung,Model_C,Blue,Snapdragon 8,Medium,128,6,5.1,3,1,5439,3.8,14807,59740,0.23,5,Kolkata,22.5726,88.3639,Cash,17-10-2024,298700,Thursday
OnePlus,Model_B,White,A14,Medium,128,6,5.5,3,2,3039,3.6,2551,43180,0.29,2,Chennai,13.0827,80.2707,UPI,14-04-2024,86360,Sunday
Apple,Model_D,Black,A14,Large,64,6,6.7,4,1,4105,4.7,42587,62955,0.08,4,Kolkata,22.5726,88.3639,Debit Card,24-10-2024,251820,Thursday
Xiaomi,Model_A,Red,Exynos,Large,64,6,5.6,2,1,2002,4,30198,55329,0.21,5,Bangalore,12.9716,77.5946,Credit Card,04-05-2024,276645,Saturday
OnePlus,Model_B,Blue,Dimensity 900,Small,128,8,6.7,1,1,4313,4.6,17625,76586,0.12,3,Chennai,13.0827,80.2707,Cash,02-04-2024,229758,Tuesday
Vivo,Model_B,White,A14,Medium,128,4,5.9,2,1,4956,4.4,14408,59137,0.23,1,Kolkata,22.5726,88.3639,Credit Card,14-04-2024,59137,Sunday
Xiaomi,Model_B,White,Snapdragon 8,Small,256,8,5.8,4,2,3247,4.8,4803,74384,0.19,4,Delhi,28.7041,77.1025,Credit Card,05-01-2024,297536,Friday
Xiaomi,Model_A,White,A14,Large,64,4,5,1,2,4984,4.8,11882,19698,0.11,1,Chennai,13.0827,80.2707,UPI,16-04-2024,19698,Tuesday
Apple,Model_E,Blue,Snapdragon 8,Small,64,4,6.7,2,2,3420,3.8,3342,38109,0.28,3,Chennai,13.0827,80.2707,Debit Card,30-06-2024,114327,Sunday
Xiaomi,Model_E,Blue,Dimensity 900,Medium,64,8,5.1,1,2,5145,4.1,29878,24135,0.28,4,Hyderabad,17.385,78.4867,UPI,04-07-2024,96540,Thursday
Samsung,Model_C,Black,Exynos,Large,128,4,6,3,1,4771,4.4,49371,20111,0.1,1,Bangalore,12.9716,77.5946,UPI,25-06-2024,20111,Tuesday
Xiaomi,Model_C,White,A14,Large,128,6,5.5,4,1,4652,4.3,7936,15293,0.09,5,Delhi,28.7041,77.1025,Credit Card,26-04-2024,76465,Friday
OnePlus,Model_D,White,Exynos,Small,128,8,5.9,3,1,5026,3.7,33685,70991,0.21,4,Mumbai,19.076,72.8777,Cash,29-07-2024,283964,Monday
Vivo,Model_C,Red,Dimensity 900,Small,64,4,6.3,3,2,4903,4.8,23184,14601,0.23,2,Chennai,13.0827,80.2707,UPI,25-04-2024,29202,Thursday
Xiaomi,Model_D,Black,Snapdragon 8,Small,256,8,6.5,1,1,4692,4.6,29202,31528,0.11,4,Hyderabad,17.385,78.4867,Credit Card,21-05-2024,126112,Tuesday
Samsung,Model_B,Red,Snapdragon 8,Large,64,4,5.2,1,2,5841,4.9,16074,44671,0.18,2,Kolkata,22.5726,88.3639,Debit Card,06-10-2024,89342,Sunday
Apple,Model_E,Red,Exynos,Medium,128,6,6.8,3,1,3400,4,2240,58788,0.15,5,Kolkata,22.5726,88.3639,UPI,16-12-2024,293940,Monday
Samsung,Model_B,White,A14,Small,256,4,5,2,2,2484,4,45232,24711,0.23,2,Delhi,28.7041,77.1025,UPI,11-10-2024,49422,Friday
Xiaomi,Model_E,White,Exynos,Small,256,4,5.9,3,1,2999,3.5,39288,47009,0.06,5,Chennai,13.0827,80.2707,Debit Card,26-10-2024,235045,Saturday
Samsung,Model_B,Red,Exynos,Medium,64,4,6.8,2,1,2069,3.9,33113,50779,0.19,3,Hyderabad,17.385,78.4867,Debit Card,22-03-2024,152337,Friday
Vivo,Model_B,White,A14,Small,64,4,5.9,2,2,2488,4.1,24853,70980,0.25,4,Chennai,13.0827,80.2707,Cash,22-08-2024,283920,Thursday
OnePlus,Model_E,Blue,A14,Medium,256,4,6.2,2,1,5050,4.5,44349,75230,0.09,2,Hyderabad,17.385,78.4867,Debit Card,12-08-2024,150460,Monday
Vivo,Model_A,Red,Dimensity 900,Small,64,8,5.1,2,2,3601,4.7,39099,12736,0.08,2,Hyderabad,17.385,78.4867,Debit Card,26-08-2024,25472,Monday
Apple,Model_C,Blue,Exynos,Large,256,6,6.5,3,1,3328,4.9,37395,17698,0.3,3,Kolkata,22.5726,88.3639,Debit Card,17-08-2024,53094,Saturday
Samsung,Model_B,Red,Exynos,Large,256,6,5.9,1,2,3708,3.7,45733,69978,0.2,3,Delhi,28.7041,77.1025,UPI,04-06-2024,209934,Tuesday
OnePlus,Model_B,Blue,Dimensity 900,Medium,64,8,6.5,3,2,4129,3.7,25597,37211,0.2,5,Kolkata,22.5726,88.3639,Cash,05-01-2024,186055,Friday
OnePlus,Model_C,Blue,Exynos,Medium,64,4,6.6,2,1,2307,3.8,43452,41675,0.06,3,Kolkata,22.5726,88.3639,UPI,27-01-2024,125025,Saturday
Xiaomi,Model_B,White,Exynos,Small,256,8,6.7,2,2,2573,4.9,36334,38956,0.1,1,Mumbai,19.076,72.8777,Credit Card,27-11-2024,38956,Wednesday
Samsung,Model_D,Red,A14,Medium,256,4,5.5,2,2,5139,3.9,303,50417,0.18,5,Hyderabad,17.385,78.4867,Debit Card,11-12-2024,252085,Wednesday
Apple,Model_E,Blue,A14,Medium,64,8,5.5,2,2,4444,4.9,31780,29564,0.28,1,Kolkata,22.5726,88.3639,Credit Card,19-08-2024,29564,Monday
Samsung,Model_B,Red,Exynos,Small,128,4,6.2,4,1,5731,4.5,7312,15194,0.03,3,Kolkata,22.5726,88.3639,Cash,24-02-2024,45582,Saturday
Xiaomi,Model_E,Black,Dimensity 900,Small,128,8,5.5,4,2,3347,4.6,38025,50212,0.1,3,Chennai,13.0827,80.2707,Credit Card,25-10-2024,150636,Friday
Xiaomi,Model_B,White,A14,Medium,256,4,6.4,3,1,3719,3.6,21130,48907,0.21,2,Hyderabad,17.385,78.4867,UPI,11-02-2024,97814,Sunday
Vivo,Model_D,White,Snapdragon 8,Small,256,4,6.4,2,1,4392,4.7,12527,28964,0.12,2,Mumbai,19.076,72.8777,Cash,30-10-2024,57928,Wednesday
OnePlus,Model_E,Black,A14,Medium,128,4,5.5,2,1,3258,4.2,40320,38390,0.27,3,Hyderabad,17.385,78.4867,Debit Card,18-04-2024,115170,Thursday
Samsung,Model_B,Black,A14,Large,256,4,5.5,4,2,2359,4.2,35198,15513,0.23,4,Bangalore,12.9716,77.5946,Debit Card,11-09-2024,62052,Wednesday
Vivo,Model_C,Black,A14,Large,64,4,6.4,2,1,4441,4.1,36468,77515,0.12,5,Hyderabad,17.385,78.4867,Cash,29-08-2024,387575,Thursday
Vivo,Model_B,Red,Exynos,Large,64,6,5.2,4,1,2490,4,10755,16296,0.13,4,Mumbai,19.076,72.8777,UPI,30-01-2024,65184,Tuesday
Apple,Model_E,Red,Exynos,Medium,64,6,5.4,4,1,3612,4.3,1145,40677,0.1,3,Delhi,28.7041,77.1025,Cash,16-05-2024,122031,Thursday
Xiaomi,Model_C,Red,Dimensity 900,Small,128,8,5.3,2,2,3303,4,43564,54859,0.22,1,Hyderabad,17.385,78.4867,Credit Card,01-10-2024,54859,Tuesday
OnePlus,Model_A,Black,A14,Medium,256,4,6.7,4,2,3460,3.8,20517,23286,0.04,2,Hyderabad,17.385,78.4867,Cash,03-06-2024,46572,Monday
Vivo,Model_B,Black,Exynos,Small,128,6,5.7,2,1,5124,3.6,20179,36966,0.02,5,Hyderabad,17.385,78.4867,Cash,08-04-2024,184830,Monday
OnePlus,Model_B,White,Snapdragon 8,Medium,128,8,6.5,2,2,3061,4.7,45425,72306,0.26,5,Chennai,13.0827,80.2707,UPI,05-10-2024,361530,Saturday
Apple,Model_B,Red,Dimensity 900,Small,64,6,5,4,1,2259,4.8,8949,10981,0.25,5,Bangalore,12.9716,77.5946,UPI,04-11-2024,54905,Monday
OnePlus,Model_C,Blue,Dimensity 900,Medium,128,4,5.6,3,1,4057,4.8,9124,50222,0.28,3,Chennai,13.0827,80.2707,Cash,26-07-2024,150666,Friday
Xiaomi,Model_D,White,Exynos,Small,256,4,6.4,2,2,3711,4.7,19242,27298,0.24,3,Mumbai,19.076,72.8777,Cash,15-01-2024,81894,Monday
Vivo,Model_C,Black,Exynos,Medium,64,4,6.6,3,2,4440,4.9,13819,73197,0.29,3,Chennai,13.0827,80.2707,Debit Card,14-01-2024,219591,Sunday
Apple,Model_C,White,Dimensity 900,Medium,64,6,5.7,1,1,2305,4.4,24688,32497,0.21,1,Chennai,13.0827,80.2707,Credit Card,30-09-2024,32497,Monday
Xiaomi,Model_A,Red,A14,Large,128,6,5.2,1,2,2477,3.5,2125,20987,0.07,2,Bangalore,12.9716,77.5946,Debit Card,02-06-2024,41974,Sunday
Vivo,Model_D,Blue,Snapdragon 8,Small,256,4,6.4,4,1,4775,4.2,11689,76888,0.12,4,Hyderabad,17.385,78.4867,Credit Card,09-10-2024,307552,Wednesday
Samsung,Model_E,White,Snapdragon 8,Large,128,4,6.6,4,2,3708,5,23538,42760,0.1,2,Hyderabad,17.385,78.4867,UPI,22-11-2024,85520,Friday
Apple,Model_C,Black,Snapdragon 8,Large,64,4,5.2,1,1,3580,4.1,19428,63335,0.29,1,Kolkata,22.5726,88.3639,Debit Card,05-05-2024,63335,Sunday
Apple,Model_A,Red,A14,Small,128,4,5.8,4,2,5618,4.9,41950,18290,0.24,4,Mumbai,19.076,72.8777,Credit Card,04-09-2024,73160,Wednesday
Xiaomi,Model_B,Black,A14,Medium,256,8,5.1,1,1,4866,4.6,12813,44677,0.12,1,Chennai,13.0827,80.2707,Cash,19-12-2024,44677,Thursday
OnePlus,Model_A,White,Snapdragon 8,Large,256,6,6.6,3,1,5843,5,42558,65852,0.07,1,Chennai,13.0827,80.2707,Debit Card,25-03-2024,65852,Monday
Samsung,Model_E,Blue,A14,Medium,64,4,5.4,1,1,3008,4.7,29447,21887,0.27,4,Delhi,28.7041,77.1025,Credit Card,04-05-2024,87548,Saturday
Samsung,Model_A,Red,A14,Medium,256,8,5.2,2,1,2381,4.2,27248,63603,0.13,2,Chennai,13.0827,80.2707,Cash,02-04-2024,127206,Tuesday
Samsung,Model_D,White,A14,Large,64,6,6.2,1,1,2091,3.8,34427,42414,0.24,3,Chennai,13.0827,80.2707,Credit Card,21-08-2024,127242,Wednesday
Samsung,Model_A,Black,Exynos,Small,256,6,6.4,1,2,4496,4.9,22978,42133,0.23,5,Hyderabad,17.385,78.4867,Debit Card,24-10-2024,210665,Thursday
Apple,Model_E,Blue,Snapdragon 8,Large,256,8,6.4,4,2,4300,4.2,43061,72399,0.06,3,Delhi,28.7041,77.1025,Credit Card,23-08-2024,217197,Friday
OnePlus,Model_A,White,Exynos,Small,64,8,5,1,2,2120,4.9,5416,74091,0.29,1,Mumbai,19.076,72.8777,Credit Card,18-03-2024,74091,Monday
OnePlus,Model_A,Blue,Dimensity 900,Small,128,6,5.3,1,1,3153,4.9,38169,49409,0.12,3,Mumbai,19.076,72.8777,Debit Card,27-07-2024,148227,Saturday
Samsung,Model_B,Black,Exynos,Medium,256,4,6.4,4,2,4899,3.9,23205,26768,0.12,3,Hyderabad,17.385,78.4867,UPI,14-02-2024,80304,Wednesday
OnePlus,Model_E,White,Snapdragon 8,Medium,256,4,6.7,1,1,3948,4.1,13323,39866,0.16,2,Chennai,13.0827,80.2707,Debit Card,18-08-2024,79732,Sunday
OnePlus,Model_C,Black,Snapdragon 8,Small,64,4,6.1,3,1,3907,4.6,23026,56252,0.23,2,Kolkata,22.5726,88.3639,Debit Card,01-08-2024,112504,Thursday
Apple,Model_D,Red,Snapdragon 8,Large,128,8,5.7,1,1,2129,4.9,9468,42889,0.1,3,Bangalore,12.9716,77.5946,Debit Card,11-12-2024,128667,Wednesday
Samsung,Model_B,Black,A14,Small,256,6,5.6,4,2,5272,4.7,26287,11651,0.07,5,Chennai,13.0827,80.2707,Debit Card,17-10-2024,58255,Thursday
Vivo,Model_B,White,A14,Small,128,8,6.5,3,1,3460,4.7,7900,67307,0.05,3,Delhi,28.7041,77.1025,Credit Card,24-08-2024,201921,Saturday
Xiaomi,Model_D,Black,A14,Small,256,6,6.1,3,1,5100,3.5,32181,74391,0.17,1,Mumbai,19.076,72.8777,Debit Card,10-04-2024,74391,Wednesday
Xiaomi,Model_B,Red,Exynos,Small,64,6,6.3,3,2,5993,5,8407,52713,0.13,2,Delhi,28.7041,77.1025,Cash,20-05-2024,105426,Monday
Xiaomi,Model_B,Black,A14,Large,128,4,6.7,2,1,5562,4.9,40790,37748,0.1,4,Hyderabad,17.385,78.4867,Credit Card,15-01-2024,150992,Monday
Vivo,Model_D,White,Dimensity 900,Small,64,8,5.1,1,2,3366,4.7,7926,65828,0.16,1,Kolkata,22.5726,88.3639,Debit Card,28-07-2024,65828,Sunday
Vivo,Model_A,Blue,Exynos,Large,128,4,6.7,1,2,2817,4.4,47952,57757,0.26,1,Kolkata,22.5726,88.3639,Credit Card,20-10-2024,57757,Sunday
Samsung,Model_A,Red,Exynos,Small,64,6,5.6,1,2,5475,4.1,31529,15061,0.02,4,Delhi,28.7041,77.1025,UPI,27-12-2024,60244,Friday
Xiaomi,Model_C,Blue,Dimensity 900,Medium,128,4,5.3,1,1,2546,4.9,15990,58665,0.13,1,Delhi,28.7041,77.1025,Cash,22-10-2024,58665,Tuesday
OnePlus,Model_A,Red,Dimensity 900,Small,256,4,5.4,4,1,5508,4.1,9107,75217,0.26,3,Chennai,13.0827,80.2707,Cash,29-01-2024,225651,Monday
Vivo,Model_C,White,A14,Large,128,8,6,3,2,3007,4.7,9720,58869,0.09,2,Delhi,28.7041,77.1025,UPI,01-07-2024,117738,Monday
Xiaomi,Model_E,Red,Snapdragon 8,Small,256,6,5.1,2,1,2372,4.1,24965,33728,0.21,1,Bangalore,12.9716,77.5946,Debit Card,26-11-2024,33728,Tuesday
Samsung,Model_D,Blue,Dimensity 900,Large,128,6,6.4,4,1,5991,3.5,38920,72416,0.26,1,Mumbai,19.076,72.8777,Credit Card,16-08-2024,72416,Friday
Apple,Model_D,Red,Snapdragon 8,Medium,128,6,5.2,4,1,3360,4.6,32503,29628,0.01,2,Hyderabad,17.385,78.4867,UPI,27-11-2024,59256,Wednesday
OnePlus,Model_C,White,Snapdragon 8,Small,256,6,6.5,2,2,5446,4.9,26391,67993,0.19,3,Chennai,13.0827,80.2707,Debit Card,07-11-2024,203979,Thursday
OnePlus,Model_D,Black,Exynos,Medium,64,4,6.4,1,1,3927,4.1,36280,45091,0.17,1,Bangalore,12.9716,77.5946,Debit Card,12-10-2024,45091,Saturday
Apple,Model_E,White,Exynos,Large,128,8,6.7,2,2,4385,3.9,32587,76068,0.06,4,Chennai,13.0827,80.2707,Credit Card,23-02-2024,304272,Friday
OnePlus,Model_C,White,A14,Large,128,6,6.1,2,1,4762,4.3,22233,40512,0.2,3,Mumbai,19.076,72.8777,Cash,20-09-2024,121536,Friday
Samsung,Model_B,White,Dimensity 900,Medium,128,8,6.4,3,1,5847,4.9,26645,72211,0.22,1,Hyderabad,17.385,78.4867,Cash,10-07-2024,72211,Wednesday
Apple,Model_D,Red,Dimensity 900,Small,256,6,6.7,1,1,5283,3.8,44749,33316,0.01,5,Hyderabad,17.385,78.4867,Cash,27-02-2024,166580,Tuesday
OnePlus,Model_C,Red,Snapdragon 8,Medium,256,4,6,2,1,4118,4.5,24619,35881,0.04,2,Delhi,28.7041,77.1025,Cash,19-12-2024,71762,Thursday
Samsung,Model_A,Black,A14,Small,256,8,6.5,2,1,3349,4.3,28748,75762,0.03,3,Chennai,13.0827,80.2707,Debit Card,10-06-2024,227286,Monday
Vivo,Model_E,Black,Exynos,Small,64,4,6.1,4,1,5404,4.6,11597,47420,0.08,2,Delhi,28.7041,77.1025,Debit Card,02-01-2024,94840,Tuesday
Samsung,Model_D,White,A14,Medium,256,4,5.7,3,2,4643,4.8,49790,22861,0.05,5,Mumbai,19.076,72.8777,Debit Card,03-03-2024,114305,Sunday
Xiaomi,Model_D,White,A14,Medium,256,4,6.4,4,2,3726,4.7,20609,42896,0.1,5,Bangalore,12.9716,77.5946,Debit Card,25-02-2024,214480,Sunday
Xiaomi,Model_A,Red,A14,Small,128,8,5.1,4,2,2734,5,34716,27473,0.16,5,Delhi,28.7041,77.1025,Credit Card,20-03-2024,137365,Wednesday
Samsung,Model_E,Black,Snapdragon 8,Medium,64,4,5.5,2,1,3158,3.7,31881,18752,0.25,5,Hyderabad,17.385,78.4867,Debit Card,06-07-2024,93760,Saturday
Samsung,Model_C,Black,Exynos,Small,256,4,5.1,2,2,2964,4.9,45378,20498,0.13,1,Chennai,13.0827,80.2707,Credit Card,13-08-2024,20498,Tuesday
OnePlus,Model_C,White,A14,Medium,128,4,6,3,2,3294,3.9,38315,21217,0.02,1,Kolkata,22.5726,88.3639,Cash,30-07-2024,21217,Tuesday
Apple,Model_C,Blue,Snapdragon 8,Large,64,8,6.6,4,1,2132,4.5,32990,38548,0.27,3,Bangalore,12.9716,77.5946,UPI,11-03-2024,115644,Monday
OnePlus,Model_B,Blue,Dimensity 900,Medium,64,8,5.5,2,2,5546,4.1,20332,39992,0.24,2,Hyderabad,17.385,78.4867,Cash,22-01-2024,79984,Monday
Apple,Model_A,Blue,Exynos,Small,256,4,6.2,3,2,2618,3.7,26293,39538,0.19,4,Mumbai,19.076,72.8777,Cash,12-05-2024,158152,Sunday
OnePlus,Model_E,Black,Exynos,Large,64,8,5.2,1,2,3144,3.9,11263,58481,0.1,1,Mumbai,19.076,72.8777,Cash,03-07-2024,58481,Wednesday
Vivo,Model_A,Blue,Dimensity 900,Medium,256,6,5.1,2,2,3294,4.7,1460,55009,0.02,5,Chennai,13.0827,80.2707,UPI,15-09-2024,275045,Sunday
Vivo,Model_D,Black,Snapdragon 8,Large,128,4,5.7,4,2,4693,3.8,4168,32098,0.17,2,Mumbai,19.076,72.8777,Credit Card,06-12-2024,64196,Friday
Apple,Model_A,White,Dimensity 900,Large,256,8,5.1,3,2,4051,4.9,31667,38197,0.13,5,Mumbai,19.076,72.8777,Debit Card,29-12-2024,190985,Sunday
Samsung,Model_C,Red,A14,Small,64,8,5.5,2,2,5451,4.6,19604,17855,0.28,1,Delhi,28.7041,77.1025,Debit Card,01-07-2024,17855,Monday
Vivo,Model_C,Red,Dimensity 900,Large,128,6,5.1,3,1,4285,4.3,13371,14388,0.28,4,Kolkata,22.5726,88.3639,Credit Card,12-12-2024,57552,Thursday
OnePlus,Model_C,White,Dimensity 900,Medium,64,4,6.1,1,1,5640,3.6,16819,47693,0.15,4,Kolkata,22.5726,88.3639,Debit Card,14-07-2024,190772,Sunday
Samsung,Model_B,Blue,Exynos,Large,128,4,6.2,2,2,3496,4,6133,63369,0.1,5,Delhi,28.7041,77.1025,Cash,05-04-2024,316845,Friday
Vivo,Model_E,White,Dimensity 900,Medium,64,6,5.6,3,1,5867,4.4,4334,50944,0.22,4,Hyderabad,17.385,78.4867,UPI,17-05-2024,203776,Friday
Vivo,Model_E,Blue,Dimensity 900,Small,256,8,6.7,4,1,2008,3.7,36547,17314,0.25,4,Delhi,28.7041,77.1025,Credit Card,04-09-2024,69256,Wednesday
Vivo,Model_C,Black,Exynos,Small,128,6,5.7,3,2,3529,3.9,27523,32139,0.19,3,Bangalore,12.9716,77.5946,Debit Card,04-08-2024,96417,Sunday
Apple,Model_C,Red,Snapdragon 8,Small,64,8,5.3,4,1,4168,4.7,41070,75193,0.13,4,Hyderabad,17.385,78.4867,Credit Card,14-08-2024,300772,Wednesday
Xiaomi,Model_A,White,Exynos,Medium,256,6,5.2,1,1,3880,4.7,33765,65835,0.02,2,Mumbai,19.076,72.8777,Debit Card,08-02-2024,131670,Thursday
Xiaomi,Model_A,White,Dimensity 900,Large,128,6,6.3,3,2,5720,4.6,46110,54988,0.28,4,Bangalore,12.9716,77.5946,Credit Card,16-12-2024,219952,Monday
Samsung,Model_B,White,Dimensity 900,Small,64,6,5.9,1,2,4421,4.8,18406,51084,0.14,4,Kolkata,22.5726,88.3639,UPI,14-08-2024,204336,Wednesday
Samsung,Model_B,White,A14,Medium,128,6,6.7,3,2,5225,5,15953,49749,0.12,2,Delhi,28.7041,77.1025,Cash,26-09-2024,99498,Thursday
Vivo,Model_B,Red,Snapdragon 8,Large,256,8,6.5,3,2,5403,3.7,44161,35658,0.08,1,Hyderabad,17.385,78.4867,Credit Card,06-01-2024,35658,Saturday
Xiaomi,Model_B,Red,A14,Medium,128,4,5.6,1,1,2613,3.5,19590,60009,0.12,2,Delhi,28.7041,77.1025,Credit Card,02-11-2024,120018,Saturday
OnePlus,Model_B,Black,A14,Medium,128,6,5.6,1,2,3021,3.9,4143,78833,0.08,3,Kolkata,22.5726,88.3639,Debit Card,09-10-2024,236499,Wednesday
OnePlus,Model_C,Black,A14,Small,256,6,5.6,2,2,4952,4.5,29767,73233,0.07,2,Bangalore,12.9716,77.5946,UPI,20-04-2024,146466,Saturday
Vivo,Model_C,Black,Exynos,Small,64,6,6,1,2,4773,4.1,28423,23743,0.3,1,Delhi,28.7041,77.1025,Debit Card,04-03-2024,23743,Monday
Vivo,Model_A,Black,Exynos,Small,256,8,5.8,4,1,5008,4,31315,48733,0.17,5,Bangalore,12.9716,77.5946,Debit Card,19-05-2024,243665,Sunday
Xiaomi,Model_A,Black,Dimensity 900,Large,64,4,5.5,1,1,3657,3.7,5340,64128,0.04,5,Hyderabad,17.385,78.4867,Cash,11-12-2024,320640,Wednesday
Vivo,Model_E,Red,Dimensity 900,Medium,64,4,5.9,1,2,4903,3.5,30173,17753,0.29,5,Kolkata,22.5726,88.3639,Cash,25-01-2024,88765,Thursday
Samsung,Model_A,Red,A14,Medium,256,8,5.7,4,1,3997,3.6,19831,70601,0.13,2,Hyderabad,17.385,78.4867,Credit Card,25-03-2024,141202,Monday
Vivo,Model_E,Red,Exynos,Medium,128,6,6.6,2,2,5970,4.4,16556,18837,0.09,2,Hyderabad,17.385,78.4867,Credit Card,13-07-2024,37674,Saturday
Xiaomi,Model_A,White,Exynos,Small,256,4,5.4,2,1,5857,3.8,7119,53137,0.02,1,Kolkata,22.5726,88.3639,Credit Card,12-03-2024,53137,Tuesday
OnePlus,Model_C,White,Snapdragon 8,Large,128,6,6.5,1,1,5889,4.2,40759,18406,0.27,3,Mumbai,19.076,72.8777,Debit Card,09-08-2024,55218,Friday
Xiaomi,Model_E,Blue,Snapdragon 8,Medium,64,6,5.1,1,1,4311,4.4,47203,55309,0.11,4,Kolkata,22.5726,88.3639,Debit Card,25-05-2024,221236,Saturday
Samsung,Model_D,Black,Exynos,Large,256,6,6.5,3,1,2521,4,22569,55736,0.19,1,Mumbai,19.076,72.8777,UPI,29-06-2024,55736,Saturday
Apple,Model_A,Black,Dimensity 900,Medium,64,4,5.2,2,1,2083,4.6,42449,74334,0.24,3,Hyderabad,17.385,78.4867,Cash,22-11-2024,223002,Friday
Samsung,Model_D,White,Dimensity 900,Small,256,4,5.8,3,2,2266,4.6,15357,67600,0.19,2,Hyderabad,17.385,78.4867,UPI,13-02-2024,135200,Tuesday
Apple,Model_D,Blue,Exynos,Medium,256,4,5.1,2,2,5512,3.8,40674,56475,0.12,4,Chennai,13.0827,80.2707,Debit Card,04-07-2024,225900,Thursday
Vivo,Model_C,Red,Snapdragon 8,Medium,64,4,5.5,3,1,4609,4.8,25581,78000,0.17,1,Bangalore,12.9716,77.5946,UPI,21-12-2024,78000,Saturday
Xiaomi,Model_A,Red,Dimensity 900,Large,64,8,5.9,2,1,5785,3.7,6645,31658,0.12,4,Delhi,28.7041,77.1025,Credit Card,29-04-2024,126632,Monday
Samsung,Model_A,White,Exynos,Medium,128,6,5.3,2,1,2638,4.9,35917,59359,0.08,3,Kolkata,22.5726,88.3639,Credit Card,12-11-2024,178077,Tuesday
Vivo,Model_B,Blue,Dimensity 900,Small,256,4,5.4,4,2,4349,4.1,3530,53465,0.01,2,Hyderabad,17.385,78.4867,Credit Card,16-02-2024,106930,Friday
Samsung,Model_D,Black,Exynos,Small,64,4,5.9,2,1,2544,4.1,2638,14049,0.07,1,Hyderabad,17.385,78.4867,Credit Card,08-12-2024,14049,Sunday
Vivo,Model_D,Red,Dimensity 900,Large,64,8,5.7,2,1,4284,4.9,2172,44547,0.04,5,Mumbai,19.076,72.8777,Debit Card,23-04-2024,222735,Tuesday
Apple,Model_C,Black,Exynos,Large,128,6,5.9,1,1,4566,4.1,35269,18292,0.28,2,Delhi,28.7041,77.1025,Cash,23-08-2024,36584,Friday
Samsung,Model_B,White,A14,Small,256,4,5.5,1,1,3665,4.4,98,33386,0.17,4,Delhi,28.7041,77.1025,Debit Card,03-04-2024,133544,Wednesday
Apple,Model_A,Black,Dimensity 900,Large,128,6,5.2,3,2,5725,3.6,13710,51400,0.28,4,Mumbai,19.076,72.8777,UPI,18-02-2024,205600,Sunday
Apple,Model_D,Blue,Exynos,Medium,256,4,5.1,4,2,5256,4.2,22645,20746,0.07,5,Hyderabad,17.385,78.4867,Cash,10-01-2024,103730,Wednesday
Apple,Model_D,Blue,Snapdragon 8,Small,256,4,6.3,2,2,5162,4.4,11008,17141,0.18,3,Mumbai,19.076,72.8777,Debit Card,01-02-2024,51423,Thursday
OnePlus,Model_E,Black,Snapdragon 8,Medium,256,6,5.1,2,1,2508,4.1,29022,58850,0.2,5,Hyderabad,17.385,78.4867,Debit Card,07-03-2024,294250,Thursday
Xiaomi,Model_A,White,Dimensity 900,Small,256,6,6.1,2,2,3565,4.7,25056,52596,0.23,2,Delhi,28.7041,77.1025,UPI,16-11-2024,105192,Saturday
Vivo,Model_D,Red,Dimensity 900,Large,64,8,5.8,2,2,5234,4.1,16196,45090,0.05,5,Mumbai,19.076,72.8777,Debit Card,21-05-2024,225450,Tuesday
Samsung,Model_E,Black,Snapdragon 8,Small,256,6,5.3,3,1,4297,4.1,1131,33027,0.09,5,Kolkata,22.5726,88.3639,Cash,07-08-2024,165135,Wednesday
Apple,Model_E,Black,Exynos,Medium,256,8,6.8,1,1,3633,4.4,27401,77011,0.04,5,Chennai,13.0827,80.2707,Cash,25-03-2024,385055,Monday
Xiaomi,Model_C,Blue,Snapdragon 8,Large,128,8,5.1,4,2,2376,4.3,25237,65997,0.09,3,Bangalore,12.9716,77.5946,UPI,16-12-2024,197991,Monday
Apple,Model_D,Blue,A14,Large,256,8,6.3,3,1,3406,3.6,25425,21611,0.06,3,Delhi,28.7041,77.1025,UPI,16-06-2024,64833,Sunday
Apple,Model_E,White,Dimensity 900,Small,64,6,5.9,4,2,2485,4.1,38528,73530,0.14,3,Kolkata,22.5726,88.3639,Debit Card,25-11-2024,220590,Monday
Xiaomi,Model_B,Black,Dimensity 900,Small,256,8,6.3,1,2,5938,3.7,39198,35247,0.27,2,Bangalore,12.9716,77.5946,Cash,28-04-2024,70494,Sunday
Xiaomi,Model_A,Red,Dimensity 900,Large,64,6,6,4,2,3178,4,1457,12707,0.09,1,Hyderabad,17.385,78.4867,Debit Card,14-09-2024,12707,Saturday
Xiaomi,Model_A,White,Exynos,Small,64,4,5.6,1,2,4721,3.7,21819,32789,0.08,5,Mumbai,19.076,72.8777,Debit Card,24-09-2024,163945,Tuesday
Xiaomi,Model_C,Blue,A14,Medium,64,4,6.1,2,2,2160,4,10153,42553,0.19,1,Hyderabad,17.385,78.4867,Cash,28-05-2024,42553,Tuesday
Samsung,Model_D,Red,A14,Small,256,6,6.3,4,1,4206,3.5,25020,11500,0.22,5,Delhi,28.7041,77.1025,Credit Card,26-05-2024,57500,Sunday
OnePlus,Model_C,White,Snapdragon 8,Medium,256,4,5.4,1,2,3545,4.3,3773,21620,0.18,2,Delhi,28.7041,77.1025,Debit Card,06-02-2024,43240,Tuesday
Apple,Model_C,White,A14,Large,64,8,6.3,2,2,5524,4.4,30093,18006,0.17,5,Mumbai,19.076,72.8777,UPI,04-07-2024,90030,Thursday
Xiaomi,Model_A,Blue,Exynos,Large,64,6,5.7,4,1,3110,4.9,47065,53698,0.06,4,Kolkata,22.5726,88.3639,UPI,19-11-2024,214792,Tuesday
OnePlus,Model_C,White,Snapdragon 8,Large,64,4,5.9,3,2,5604,5,8504,13660,0.21,5,Bangalore,12.9716,77.5946,Cash,07-02-2024,68300,Wednesday
Vivo,Model_C,Blue,Dimensity 900,Large,64,4,6.5,2,1,5456,5,33145,32986,0.28,3,Delhi,28.7041,77.1025,Cash,24-03-2024,98958,Sunday
Samsung,Model_E,Blue,A14,Small,256,8,6.2,2,2,3739,3.8,13777,69303,0.02,1,Bangalore,12.9716,77.5946,Debit Card,08-01-2024,69303,Monday
Xiaomi,Model_E,Red,A14,Medium,128,6,6,3,1,2749,3.9,26272,43691,0.17,3,Kolkata,22.5726,88.3639,UPI,18-01-2024,131073,Thursday
Xiaomi,Model_B,Red,Dimensity 900,Small,64,8,6.8,2,1,2723,4.5,2717,52197,0.03,4,Hyderabad,17.385,78.4867,Credit Card,26-09-2024,208788,Thursday
Xiaomi,Model_E,White,Exynos,Small,128,4,5.5,4,1,3338,4.3,29106,63997,0.09,2,Mumbai,19.076,72.8777,Debit Card,19-10-2024,127994,Saturday
Samsung,Model_B,Black,Exynos,Small,64,8,6.1,3,1,2672,3.9,37000,44566,0.06,1,Delhi,28.7041,77.1025,Debit Card,29-06-2024,44566,Saturday
Xiaomi,Model_E,Red,A14,Large,128,4,5.4,4,1,2642,4.5,25979,26157,0.25,4,Chennai,13.0827,80.2707,Debit Card,04-10-2024,104628,Friday
OnePlus,Model_A,Red,Dimensity 900,Small,64,6,5.8,2,2,5026,4,5512,47305,0.05,4,Delhi,28.7041,77.1025,Cash,27-11-2024,189220,Wednesday
Xiaomi,Model_D,Red,Exynos,Large,128,6,6.4,1,2,5907,4.3,22631,76697,0.09,3,Chennai,13.0827,80.2707,Credit Card,09-03-2024,230091,Saturday
Vivo,Model_D,Red,Dimensity 900,Medium,64,4,6.8,4,2,5150,3.9,8466,69978,0.26,3,Hyderabad,17.385,78.4867,UPI,28-09-2024,209934,Saturday
Xiaomi,Model_D,Red,A14,Large,128,4,6.2,1,2,5242,4.2,35488,75245,0.14,5,Mumbai,19.076,72.8777,Cash,18-03-2024,376225,Monday
Vivo,Model_A,Blue,Dimensity 900,Medium,128,6,5.2,2,1,5099,5,9600,23320,0.22,3,Kolkata,22.5726,88.3639,Credit Card,18-10-2024,69960,Friday
Vivo,Model_D,Black,Snapdragon 8,Medium,128,4,6.1,1,2,2054,3.8,46715,16821,0.09,4,Bangalore,12.9716,77.5946,UPI,23-10-2024,67284,Wednesday
Xiaomi,Model_D,Blue,A14,Large,64,6,6.1,1,2,4147,4.6,17945,62715,0.23,5,Mumbai,19.076,72.8777,Credit Card,01-04-2024,313575,Monday
Apple,Model_B,Blue,Snapdragon 8,Small,256,4,6.1,4,2,4048,4.9,13591,15620,0.19,2,Mumbai,19.076,72.8777,UPI,27-07-2024,31240,Saturday
Samsung,Model_B,Black,Snapdragon 8,Medium,256,6,5.1,3,2,3413,3.6,6479,26758,0.17,2,Delhi,28.7041,77.1025,UPI,26-04-2024,53516,Friday
OnePlus,Model_D,White,Exynos,Medium,128,6,6.3,3,1,4491,4.1,46735,21052,0.3,2,Bangalore,12.9716,77.5946,Debit Card,01-11-2024,42104,Friday
Apple,Model_C,Black,A14,Large,128,8,6.1,1,2,4834,3.6,15048,51404,0.05,5,Mumbai,19.076,72.8777,Credit Card,12-05-2024,257020,Sunday
Apple,Model_E,Red,Exynos,Large,64,8,6.4,2,2,3943,3.9,47910,59144,0.04,2,Hyderabad,17.385,78.4867,Credit Card,19-12-2024,118288,Thursday
Xiaomi,Model_D,White,Snapdragon 8,Large,256,4,5.9,1,1,5835,3.7,45869,73133,0.23,5,Kolkata,22.5726,88.3639,Debit Card,24-06-2024,365665,Monday
Apple,Model_B,Blue,Exynos,Small,256,6,5.2,1,1,5441,4.1,19236,32133,0.25,4,Bangalore,12.9716,77.5946,Debit Card,31-03-2024,128532,Sunday
Samsung,Model_E,Red,Dimensity 900,Medium,64,4,6.5,3,1,5558,3.8,419,61077,0.28,4,Delhi,28.7041,77.1025,Debit Card,08-10-2024,244308,Tuesday
Apple,Model_A,Red,A14,Medium,128,8,5.3,2,1,3635,4.6,16932,28333,0.15,1,Hyderabad,17.385,78.4867,UPI,15-05-2024,28333,Wednesday
Samsung,Model_D,Black,Exynos,Medium,256,4,6,3,1,5839,4.2,28141,49358,0.06,5,Bangalore,12.9716,77.5946,Cash,19-12-2024,246790,Thursday
Xiaomi,Model_B,Blue,A14,Small,64,6,5.8,2,1,3840,3.6,1636,57100,0.15,3,Mumbai,19.076,72.8777,Debit Card,01-02-2024,171300,Thursday
Vivo,Model_B,Black,A14,Large,128,8,6.4,3,2,2125,4.2,15238,10831,0.12,2,Bangalore,12.9716,77.5946,Credit Card,24-05-2024,21662,Friday
Vivo,Model_E,Blue,Exynos,Medium,128,6,5.2,1,1,2643,4.6,42629,79970,0.3,2,Chennai,13.0827,80.2707,Credit Card,10-07-2024,159940,Wednesday
Apple,Model_D,Black,Snapdragon 8,Medium,256,8,5.5,2,2,4252,4,34924,52019,0.19,3,Bangalore,12.9716,77.5946,UPI,22-07-2024,156057,Monday
Samsung,Model_D,Blue,Dimensity 900,Medium,256,6,6.4,2,2,5652,4.2,48209,48208,0.26,3,Bangalore,12.9716,77.5946,Debit Card,05-01-2024,144624,Friday
Samsung,Model_A,Blue,Snapdragon 8,Large,256,8,5.1,1,1,4886,4.4,36375,61211,0.13,4,Bangalore,12.9716,77.5946,Debit Card,20-06-2024,244844,Thursday
Vivo,Model_D,Blue,Dimensity 900,Small,256,8,6.3,1,2,3213,4.5,1887,76978,0.18,1,Bangalore,12.9716,77.5946,UPI,26-05-2024,76978,Sunday
Samsung,Model_A,Blue,Snapdragon 8,Medium,64,8,6.2,4,1,3957,3.5,38421,64040,0.27,1,Kolkata,22.5726,88.3639,Cash,24-08-2024,64040,Saturday
Apple,Model_B,Black,A14,Medium,128,4,5.1,3,1,2490,3.6,32074,21020,0.05,2,Chennai,13.0827,80.2707,Debit Card,03-04-2024,42040,Wednesday
Xiaomi,Model_D,Red,A14,Small,256,6,5.5,4,1,2085,4.5,1284,48703,0.1,2,Bangalore,12.9716,77.5946,Cash,22-01-2024,97406,Monday
OnePlus,Model_C,Blue,Snapdragon 8,Small,256,4,6.3,4,2,5237,3.7,41962,51116,0.24,2,Hyderabad,17.385,78.4867,Credit Card,21-09-2024,102232,Saturday
Samsung,Model_B,White,Dimensity 900,Medium,64,4,6.3,4,2,3535,4.8,2067,37258,0.05,1,Bangalore,12.9716,77.5946,Credit Card,29-05-2024,37258,Wednesday
Samsung,Model_D,White,Exynos,Large,128,4,6.2,2,1,3800,4.3,3982,21050,0.11,2,Kolkata,22.5726,88.3639,Cash,25-02-2024,42100,Sunday
OnePlus,Model_A,Red,Snapdragon 8,Small,256,4,5.4,4,2,2544,4.8,18827,17581,0.28,3,Delhi,28.7041,77.1025,Credit Card,15-06-2024,52743,Saturday
Xiaomi,Model_D,Black,A14,Medium,128,8,6.2,2,2,4395,3.9,26186,52099,0.26,5,Kolkata,22.5726,88.3639,UPI,12-01-2024,260495,Friday
Vivo,Model_C,Black,A14,Small,128,8,6.6,3,2,2810,4.7,5614,23654,0.05,2,Mumbai,19.076,72.8777,Cash,02-09-2024,47308,Monday
OnePlus,Model_D,Blue,A14,Small,256,8,6.3,3,1,4339,4.5,5232,69155,0.08,3,Hyderabad,17.385,78.4867,Credit Card,25-12-2024,207465,Wednesday
Apple,Model_E,Blue,Exynos,Small,64,8,5.7,3,2,2117,4.9,24441,75400,0.22,1,Mumbai,19.076,72.8777,UPI,21-06-2024,75400,Friday
Vivo,Model_E,White,Exynos,Medium,64,4,5.9,1,1,5939,3.6,49732,78739,0.23,4,Delhi,28.7041,77.1025,Debit Card,15-05-2024,314956,Wednesday
Samsung,Model_E,Red,A14,Small,256,4,5.1,2,1,2749,4.6,165,33352,0.1,3,Chennai,13.0827,80.2707,Credit Card,28-03-2024,100056,Thursday
Xiaomi,Model_D,Blue,A14,Large,128,4,6.2,4,2,4828,3.6,26811,12342,0.26,4,Chennai,13.0827,80.2707,Debit Card,04-11-2024,49368,Monday
Samsung,Model_D,White,Dimensity 900,Medium,256,6,5.8,3,1,4397,3.6,41545,44691,0.1,2,Mumbai,19.076,72.8777,UPI,21-03-2024,89382,Thursday
Xiaomi,Model_A,Red,Exynos,Large,256,6,6,3,1,3104,4,7970,34424,0.13,3,Delhi,28.7041,77.1025,UPI,05-04-2024,103272,Friday
Vivo,Model_D,Black,A14,Medium,64,4,5.9,4,1,4670,4.6,10465,32320,0.03,5,Kolkata,22.5726,88.3639,Cash,19-08-2024,161600,Monday
Xiaomi,Model_A,Black,A14,Large,128,6,6,2,1,3312,4.1,12302,75972,0.03,5,Kolkata,22.5726,88.3639,Credit Card,14-02-2024,379860,Wednesday
Samsung,Model_B,Blue,Snapdragon 8,Medium,64,4,6,1,1,4436,4.4,38553,14970,0.27,5,Hyderabad,17.385,78.4867,Cash,20-08-2024,74850,Tuesday
Xiaomi,Model_C,White,A14,Large,128,4,6.3,1,2,4683,4.1,30635,71411,0.26,3,Kolkata,22.5726,88.3639,Cash,24-08-2024,214233,Saturday
OnePlus,Model_D,White,Exynos,Medium,128,6,5.8,1,1,5604,4.3,3694,36077,0.2,1,Kolkata,22.5726,88.3639,Cash,04-09-2024,36077,Wednesday
OnePlus,Model_A,White,Exynos,Small,128,6,6.3,4,2,3787,4.8,35989,13966,0.13,3,Kolkata,22.5726,88.3639,Credit Card,13-08-2024,41898,Tuesday
Vivo,Model_A,Black,Exynos,Medium,64,8,5.2,4,1,5245,4.2,15347,46035,0.27,3,Delhi,28.7041,77.1025,Credit Card,21-11-2024,138105,Thursday
Samsung,Model_B,Red,Dimensity 900,Small,128,4,5.5,1,1,3886,4.2,12215,18477,0.25,1,Kolkata,22.5726,88.3639,Debit Card,04-03-2024,18477,Monday
Apple,Model_B,Red,Snapdragon 8,Large,128,4,5.3,3,1,4521,4.8,9421,36813,0.26,3,Delhi,28.7041,77.1025,Debit Card,23-06-2024,110439,Sunday
Samsung,Model_D,White,Dimensity 900,Medium,128,6,6.2,3,2,5038,3.6,39450,18367,0.16,2,Delhi,28.7041,77.1025,Debit Card,09-08-2024,36734,Friday
Xiaomi,Model_D,Red,A14,Small,128,4,5,1,2,5613,3.9,29724,67401,0.22,3,Bangalore,12.9716,77.5946,Credit Card,09-03-2024,202203,Saturday
Xiaomi,Model_D,Red,Snapdragon 8,Large,256,6,5.1,4,2,2190,4.1,14447,22546,0.15,3,Delhi,28.7041,77.1025,UPI,17-08-2024,67638,Saturday
OnePlus,Model_C,Black,A14,Large,128,4,5.4,4,2,2111,4.6,38998,46508,0.08,2,Delhi,28.7041,77.1025,Debit Card,31-08-2024,93016,Saturday
Apple,Model_D,Black,A14,Large,256,8,5.3,2,1,2229,5,19374,39047,0.12,5,Chennai,13.0827,80.2707,Debit Card,10-04-2024,195235,Wednesday
Vivo,Model_E,Black,Snapdragon 8,Small,64,6,6.2,1,1,3749,4.2,11331,43239,0.22,5,Bangalore,12.9716,77.5946,Credit Card,24-05-2024,216195,Friday
OnePlus,Model_E,Black,Dimensity 900,Large,64,4,6.7,3,2,3346,3.8,31159,24602,0.24,5,Kolkata,22.5726,88.3639,UPI,13-11-2024,123010,Wednesday
Xiaomi,Model_C,Black,Snapdragon 8,Large,64,8,5.4,4,1,3923,4.2,35715,29669,0.11,1,Bangalore,12.9716,77.5946,UPI,22-08-2024,29669,Thursday
Samsung,Model_B,Red,A14,Medium,64,4,6.2,3,2,3607,3.7,48327,32228,0.14,2,Bangalore,12.9716,77.5946,Cash,04-11-2024,64456,Monday
Vivo,Model_A,Red,Exynos,Medium,128,8,6.2,4,2,4436,4.2,32809,26861,0.3,5,Mumbai,19.076,72.8777,Credit Card,26-07-2024,134305,Friday
Vivo,Model_D,White,Snapdragon 8,Large,256,8,6.2,3,1,2056,4.9,32546,35279,0.04,5,Kolkata,22.5726,88.3639,UPI,20-06-2024,176395,Thursday
Xiaomi,Model_E,White,A14,Large,128,8,5.9,1,2,5697,4.4,43619,52647,0.11,2,Hyderabad,17.385,78.4867,Debit Card,30-08-2024,105294,Friday
Vivo,Model_D,Black,Snapdragon 8,Small,128,4,6.2,1,2,2540,4.5,10746,71177,0.03,1,Delhi,28.7041,77.1025,Cash,12-10-2024,71177,Saturday
Samsung,Model_A,White,A14,Small,64,4,5.5,4,1,2268,3.5,33173,27641,0.29,4,Mumbai,19.076,72.8777,Cash,23-11-2024,110564,Saturday
Samsung,Model_C,Blue,Dimensity 900,Medium,128,4,5.1,1,2,2039,3.5,24088,10500,0.09,4,Chennai,13.0827,80.2707,Cash,11-07-2024,42000,Thursday
Samsung,Model_A,Red,Dimensity 900,Large,128,4,6.7,1,2,4483,3.7,22182,51807,0.17,2,Mumbai,19.076,72.8777,Cash,04-06-2024,103614,Tuesday
Vivo,Model_C,White,A14,Small,64,8,6,4,2,2482,4.5,22927,16056,0.15,5,Kolkata,22.5726,88.3639,Debit Card,31-07-2024,80280,Wednesday
Samsung,Model_C,Black,Snapdragon 8,Small,128,4,5.1,2,1,5241,4.8,2455,20682,0.16,3,Chennai,13.0827,80.2707,Cash,22-01-2024,62046,Monday
Xiaomi,Model_E,Black,Snapdragon 8,Large,256,6,5.8,4,1,3892,4.8,24435,40114,0.09,3,Chennai,13.0827,80.2707,UPI,23-12-2024,120342,Monday
Apple,Model_D,Black,Snapdragon 8,Small,128,6,6.5,3,1,2840,4.4,22421,69936,0.2,2,Bangalore,12.9716,77.5946,Cash,20-07-2024,139872,Saturday
Apple,Model_B,Black,A14,Medium,128,6,6.8,4,1,4534,4.8,47938,22260,0.25,3,Chennai,13.0827,80.2707,Cash,08-02-2024,66780,Thursday
Apple,Model_B,Black,A14,Small,256,8,5.3,4,2,5985,4.5,35347,43307,0.12,4,Hyderabad,17.385,78.4867,Debit Card,07-07-2024,173228,Sunday
OnePlus,Model_B,White,Snapdragon 8,Large,256,4,5.5,1,2,2649,4.1,33008,74602,0.07,1,Bangalore,12.9716,77.5946,UPI,30-06-2024,74602,Sunday
Vivo,Model_B,Blue,A14,Large,256,6,5.1,4,1,2484,4.6,13273,67141,0.17,3,Hyderabad,17.385,78.4867,Credit Card,23-01-2024,201423,Tuesday
Samsung,Model_A,White,A14,Large,256,8,5.8,4,1,4029,4.2,42101,77934,0.05,4,Hyderabad,17.385,78.4867,Debit Card,04-11-2024,311736,Monday
Xiaomi,Model_E,Blue,A14,Large,64,4,6.7,1,2,2203,3.6,5755,19738,0.09,4,Delhi,28.7041,77.1025,UPI,07-11-2024,78952,Thursday
Samsung,Model_E,Red,Dimensity 900,Large,128,4,6.4,1,1,3063,4.9,16690,62343,0.08,3,Bangalore,12.9716,77.5946,Cash,23-01-2024,187029,Tuesday
OnePlus,Model_B,Blue,A14,Large,128,8,5.8,3,1,5011,4.3,2088,33162,0.17,2,Bangalore,12.9716,77.5946,Debit Card,12-01-2024,66324,Friday
Vivo,Model_E,White,A14,Medium,64,8,5.3,1,2,5783,4.9,7007,19037,0.15,3,Hyderabad,17.385,78.4867,Credit Card,09-12-2024,57111,Monday
OnePlus,Model_C,White,Exynos,Large,64,4,5.3,2,2,4862,3.9,10500,78683,0.02,1,Mumbai,19.076,72.8777,UPI,29-02-2024,78683,Thursday
OnePlus,Model_E,Black,A14,Large,128,8,5.9,2,1,2273,4.3,47260,22111,0.26,3,Bangalore,12.9716,77.5946,Cash,15-02-2024,66333,Thursday
Xiaomi,Model_D,Blue,Dimensity 900,Medium,256,4,6.5,1,1,2574,4.1,18740,65196,0.07,5,Delhi,28.7041,77.1025,UPI,26-02-2024,325980,Monday
OnePlus,Model_C,Blue,Snapdragon 8,Medium,256,8,5.8,4,2,4314,3.9,10212,66035,0.26,2,Delhi,28.7041,77.1025,Credit Card,11-01-2024,132070,Thursday
Apple,Model_E,Black,Exynos,Small,64,8,6.6,2,2,4423,4.2,5825,61433,0.22,1,Chennai,13.0827,80.2707,UPI,28-11-2024,61433,Thursday
Vivo,Model_D,Black,Dimensity 900,Small,64,6,5.4,2,2,4645,4.8,45666,10481,0.14,4,Kolkata,22.5726,88.3639,UPI,16-06-2024,41924,Sunday
Apple,Model_B,White,A14,Large,128,8,6.2,3,1,5212,3.8,935,67338,0.08,4,Hyderabad,17.385,78.4867,Credit Card,04-11-2024,269352,Monday
Vivo,Model_C,White,Snapdragon 8,Large,64,6,6.5,1,2,2632,4.5,21776,29364,0.13,5,Chennai,13.0827,80.2707,Cash,10-05-2024,146820,Friday
OnePlus,Model_A,Red,Snapdragon 8,Medium,256,6,6.4,1,1,5964,4.5,24846,64777,0.24,3,Chennai,13.0827,80.2707,Credit Card,14-10-2024,194331,Monday
Samsung,Model_E,White,Snapdragon 8,Medium,256,6,6.7,4,1,5102,4.9,32151,26003,0.14,5,Kolkata,22.5726,88.3639,Debit Card,15-02-2024,130015,Thursday
Vivo,Model_B,White,A14,Large,256,4,5.2,3,1,3257,3.6,48335,66240,0.2,2,Chennai,13.0827,80.2707,Debit Card,11-06-2024,132480,Tuesday
OnePlus,Model_E,Red,Exynos,Small,64,8,6.1,4,1,5792,4,5734,67757,0.02,2,Delhi,28.7041,77.1025,Credit Card,23-07-2024,135514,Tuesday
Samsung,Model_D,Black,Dimensity 900,Medium,256,6,6.4,4,2,3104,4.5,45313,18408,0.22,5,Chennai,13.0827,80.2707,UPI,29-01-2024,92040,Monday
Vivo,Model_D,Red,Dimensity 900,Medium,256,4,6,2,2,4622,3.9,947,39548,0.1,1,Chennai,13.0827,80.2707,Debit Card,13-11-2024,39548,Wednesday
OnePlus,Model_D,Blue,Dimensity 900,Medium,128,8,5.1,2,1,4636,3.8,29432,53568,0.16,5,Kolkata,22.5726,88.3639,Debit Card,10-05-2024,267840,Friday
Vivo,Model_B,Black,Exynos,Large,64,8,5.5,4,1,2578,3.6,5874,45434,0.05,3,Delhi,28.7041,77.1025,Debit Card,12-01-2024,136302,Friday
OnePlus,Model_B,White,Exynos,Small,64,4,5.7,2,2,4189,3.7,44022,33186,0.23,2,Chennai,13.0827,80.2707,Debit Card,09-04-2024,66372,Tuesday
Vivo,Model_D,Red,Dimensity 900,Large,256,4,5.1,4,2,5489,4.5,24835,14543,0.21,5,Mumbai,19.076,72.8777,Credit Card,04-09-2024,72715,Wednesday
Apple,Model_D,Red,A14,Small,256,8,6.4,2,1,4022,3.8,15261,23339,0.21,1,Bangalore,12.9716,77.5946,Cash,04-05-2024,23339,Saturday
